{"inputUnits":[63],"outputUnits":8,"inputs":{"0":{"dtype":"number","min":0,"max":0},"1":{"dtype":"number","min":0,"max":0},"2":{"dtype":"number","min":0,"max":0},"3":{"dtype":"number","min":-0.08931249380111694,"max":-0.043270111083984375},"4":{"dtype":"number","min":-0.06626313924789429,"max":-0.0023217201232910156},"5":{"dtype":"number","min":-0.04060964736572714,"max":0.056177648206386266},"6":{"dtype":"number","min":-0.1637776494026184,"max":-0.04435080289840698},"7":{"dtype":"number","min":-0.17273592948913574,"max":-0.016906261444091797},"8":{"dtype":"number","min":-0.06782119426361533,"max":0.07146335994187325},"9":{"dtype":"number","min":-0.22154021263122559,"max":0.014932692050933838},"10":{"dtype":"number","min":-0.23630422353744507,"max":-0.005905628204345703},"11":{"dtype":"number","min":-0.09383041116825552,"max":0.06990557764950722},"12":{"dtype":"number","min":-0.26733559370040894,"max":0.06452327966690063},"13":{"dtype":"number","min":-0.27305302023887634,"max":-0.003557264804840088},"14":{"dtype":"number","min":-0.11768039021126242,"max":0.06552432333413094},"15":{"dtype":"number","min":-0.1427326202392578,"max":-0.015089571475982666},"16":{"dtype":"number","min":-0.29247981309890747,"max":-0.14297086000442505},"17":{"dtype":"number","min":-0.05000926897429281,"max":0.07990053411820952},"18":{"dtype":"number","min":-0.20022934675216675,"max":0.01134413480758667},"19":{"dtype":"number","min":-0.3972748816013336,"max":-0.19045555591583252},"20":{"dtype":"number","min":-0.08721951738499456,"max":0.08193400617936675},"21":{"dtype":"number","min":-0.25653988122940063,"max":0.0346185564994812},"22":{"dtype":"number","min":-0.4607642889022827,"max":-0.11780458688735962},"23":{"dtype":"number","min":-0.1105155840837142,"max":0.0783134337911946},"24":{"dtype":"number","min":-0.30052003264427185,"max":0.053916335105895996},"25":{"dtype":"number","min":-0.5185970366001129,"max":-0.09453493356704712},"26":{"dtype":"number","min":-0.12494334283701392,"max":0.07568481680253569},"27":{"dtype":"number","min":-0.12916350364685059,"max":0.02877962589263916},"28":{"dtype":"number","min":-0.29437774419784546,"max":-0.15932947397232056},"29":{"dtype":"number","min":-0.05743309826158338,"max":0.0377054090784128},"30":{"dtype":"number","min":-0.2140328288078308,"max":0.05667144060134888},"31":{"dtype":"number","min":-0.4130745530128479,"max":-0.18925881385803223},"32":{"dtype":"number","min":-0.0929126401295548,"max":0.035387465024982134},"33":{"dtype":"number","min":-0.2737465500831604,"max":0.07735848426818848},"34":{"dtype":"number","min":-0.485259085893631,"max":-0.10611581802368164},"35":{"dtype":"number","min":-0.11167716578148656,"max":0.03268444653848235},"36":{"dtype":"number","min":-0.3065308928489685,"max":0.09528052806854248},"37":{"dtype":"number","min":-0.5471738576889038,"max":-0.09395486116409302},"38":{"dtype":"number","min":-0.12005745217703634,"max":0.03208928298452918},"39":{"dtype":"number","min":-0.11771714687347412,"max":0.06578916311264038},"40":{"dtype":"number","min":-0.276981383562088,"max":-0.15428626537322998},"41":{"dtype":"number","min":-0.06727081880472952,"max":0.010142733302842544},"42":{"dtype":"number","min":-0.19337737560272217,"max":0.08896386623382568},"43":{"dtype":"number","min":-0.39028722047805786,"max":-0.1759989857673645},"44":{"dtype":"number","min":-0.10580447766415091,"max":0.00168859361998841},"45":{"dtype":"number","min":-0.2566016912460327,"max":0.10491752624511719},"46":{"dtype":"number","min":-0.4602453112602234,"max":-0.10427659749984741},"47":{"dtype":"number","min":-0.10914151075712653,"max":-0.0034834661348526197},"48":{"dtype":"number","min":-0.29554975032806396,"max":0.11750882863998413},"49":{"dtype":"number","min":-0.520941823720932,"max":-0.08656960725784302},"50":{"dtype":"number","min":-0.10266312818964707,"max":-0.0019542569372674734},"51":{"dtype":"number","min":-0.11468714475631714,"max":0.09806424379348755},"52":{"dtype":"number","min":-0.24874421954154968,"max":-0.12012666463851929},"53":{"dtype":"number","min":-0.080661039506424,"max":0.004317903385441468},"54":{"dtype":"number","min":-0.1778022050857544,"max":0.11587363481521606},"55":{"dtype":"number","min":-0.3359977900981903,"max":-0.14484906196594238},"56":{"dtype":"number","min":-0.10619706365696402,"max":-0.004464147652555539},"57":{"dtype":"number","min":-0.2259039282798767,"max":0.1405634880065918},"58":{"dtype":"number","min":-0.39217257499694824,"max":-0.09211421012878418},"59":{"dtype":"number","min":-0.1054118916713378,"max":-0.008928492705393865},"60":{"dtype":"number","min":-0.2644762396812439,"max":0.1625971794128418},"61":{"dtype":"number","min":-0.4447841942310333,"max":-0.06161463260650635},"62":{"dtype":"number","min":-0.10402832787474381,"max":-0.0026365606597096303}},"outputs":{"label":{"dtype":"string","min":0,"max":1,"uniqueValues":["f","c","b","a","h","e","i","d"],"legend":{"f":[1,0,0,0,0,0,0,0],"c":[0,1,0,0,0,0,0,0],"b":[0,0,1,0,0,0,0,0],"a":[0,0,0,1,0,0,0,0],"h":[0,0,0,0,1,0,0,0],"e":[0,0,0,0,0,1,0,0],"i":[0,0,0,0,0,0,1,0],"d":[0,0,0,0,0,0,0,1]}}},"isNormalized":true}